Column1,Column2
http://dbpedia.org/resource/Meadow_Court,http://dbpedia.org/ontology/owner
http://dbpedia.org/resource/Proclamation_(horse),http://dbpedia.org/ontology/trainer
http://dbpedia.org/resource/Proclamation_(horse),http://dbpedia.org/ontology/owner
http://dbpedia.org/resource/Alkaased,http://dbpedia.org/ontology/trainer
http://dbpedia.org/resource/Admetus_(horse),http://dbpedia.org/ontology/trainer
http://dbpedia.org/resource/Alycidon,http://dbpedia.org/ontology/owner
http://dbpedia.org/resource/Kotashaan,http://dbpedia.org/ontology/trainer
http://dbpedia.org/resource/Bel_Bolide,http://dbpedia.org/ontology/trainer
http://dbpedia.org/resource/Pope_Joan_(horse),http://dbpedia.org/ontology/owner
http://dbpedia.org/resource/Miswaki,http://dbpedia.org/ontology/trainer
http://dbpedia.org/resource/Kingsbarns_(horse),http://dbpedia.org/ontology/owner
http://dbpedia.org/resource/Ack_Ack_(horse),http://dbpedia.org/ontology/trainer
http://dbpedia.org/resource/Ack_Ack_(horse),http://dbpedia.org/ontology/owner
http://dbpedia.org/resource/Katchit,http://dbpedia.org/ontology/trainer
http://dbpedia.org/resource/Les_Arcs_(horse),http://dbpedia.org/ontology/owner
http://dbpedia.org/resource/Waxy_(horse),http://dbpedia.org/ontology/owner
http://dbpedia.org/resource/Celtic_Arms,http://dbpedia.org/ontology/trainer
http://dbpedia.org/resource/Devon_Ditty,http://dbpedia.org/ontology/trainer
http://dbpedia.org/resource/Devon_Ditty,http://dbpedia.org/ontology/owner
http://dbpedia.org/resource/Summer_Bird,http://dbpedia.org/ontology/trainer
http://dbpedia.org/resource/Kilijaro,http://dbpedia.org/ontology/trainer
http://dbpedia.org/resource/Simply_Perfect,http://dbpedia.org/ontology/owner
http://dbpedia.org/resource/Marske_(horse),http://dbpedia.org/ontology/owner
http://dbpedia.org/resource/Dr_Devious,http://dbpedia.org/ontology/owner
http://dbpedia.org/resource/Animal_Kingdom_(horse),http://dbpedia.org/ontology/owner
http://dbpedia.org/resource/Saltram_(horse),http://dbpedia.org/ontology/owner
http://dbpedia.org/resource/Noverre,http://dbpedia.org/ontology/trainer
http://dbpedia.org/resource/Round_Pond_(horse),http://dbpedia.org/ontology/trainer
http://dbpedia.org/resource/Honor_Glide,http://dbpedia.org/ontology/trainer
http://dbpedia.org/resource/Marienbard,http://dbpedia.org/ontology/trainer
http://dbpedia.org/resource/It's_In_The_Air,http://dbpedia.org/ontology/owner
http://dbpedia.org/resource/Leading_Light,http://dbpedia.org/ontology/owner
http://dbpedia.org/resource/Court_Masterpiece,http://dbpedia.org/ontology/trainer
http://dbpedia.org/resource/Court_Masterpiece,http://dbpedia.org/ontology/owner
http://dbpedia.org/resource/Crucifix_(horse),http://dbpedia.org/ontology/owner
http://dbpedia.org/resource/Doyen_(horse),http://dbpedia.org/ontology/trainer
http://dbpedia.org/resource/Mount_Nelson_(horse),http://dbpedia.org/ontology/owner
http://dbpedia.org/resource/Kentucky_(horse),http://dbpedia.org/ontology/owner
http://dbpedia.org/resource/King_James_(horse),http://dbpedia.org/ontology/owner
http://dbpedia.org/resource/Balanchine_(horse),http://dbpedia.org/ontology/trainer
http://dbpedia.org/resource/Balanchine_(horse),http://dbpedia.org/ontology/owner
http://dbpedia.org/resource/At_Talaq,http://dbpedia.org/ontology/trainer
http://dbpedia.org/resource/Star_of_Cozzene,http://dbpedia.org/ontology/trainer
http://dbpedia.org/resource/Roseate_Tern_(horse),http://dbpedia.org/ontology/trainer
http://dbpedia.org/resource/Roseate_Tern_(horse),http://dbpedia.org/ontology/owner
http://dbpedia.org/resource/Queen_Mab_(horse),http://dbpedia.org/ontology/owner
http://dbpedia.org/resource/Oxbow_(horse),http://dbpedia.org/ontology/owner
http://dbpedia.org/resource/Enstone_Spark,http://dbpedia.org/ontology/trainer
http://dbpedia.org/resource/Hindoo_(horse),http://dbpedia.org/ontology/trainer
http://dbpedia.org/resource/Banks_Hill,http://dbpedia.org/ontology/trainer
http://dbpedia.org/resource/Condessa,http://dbpedia.org/ontology/trainer
http://dbpedia.org/resource/Frozen_Fire,http://dbpedia.org/ontology/owner
http://dbpedia.org/resource/Listen_(horse),http://dbpedia.org/ontology/owner
http://dbpedia.org/resource/Royal_Charger,http://dbpedia.org/ontology/owner
http://dbpedia.org/resource/Papineau_(horse),http://dbpedia.org/ontology/trainer
http://dbpedia.org/resource/Papineau_(horse),http://dbpedia.org/ontology/owner
http://dbpedia.org/resource/Discreetly_Mine,http://dbpedia.org/ontology/trainer
http://dbpedia.org/resource/Handsome_Sailor,http://dbpedia.org/ontology/trainer
http://dbpedia.org/resource/Traffic_Judge,http://dbpedia.org/ontology/trainer
http://dbpedia.org/resource/Buzzards_Bay_(horse),http://dbpedia.org/ontology/trainer
http://dbpedia.org/resource/Deputy_Minister_(horse),http://dbpedia.org/ontology/owner
http://dbpedia.org/resource/Galileo_(horse),http://dbpedia.org/ontology/owner
http://dbpedia.org/resource/Ryafan,http://dbpedia.org/ontology/trainer
http://dbpedia.org/resource/Saratoga_Springs_(horse),http://dbpedia.org/ontology/trainer
http://dbpedia.org/resource/Saratoga_Springs_(horse),http://dbpedia.org/ontology/owner
http://dbpedia.org/resource/Honeymoon_(horse),http://dbpedia.org/ontology/owner
http://dbpedia.org/resource/Star_Shoot,http://dbpedia.org/ontology/owner
http://dbpedia.org/resource/Fantastic_Light,http://dbpedia.org/ontology/trainer
http://dbpedia.org/resource/Fantastic_Light,http://dbpedia.org/ontology/owner
http://dbpedia.org/resource/Tehran_(horse),http://dbpedia.org/ontology/owner
http://dbpedia.org/resource/Punctilious,http://dbpedia.org/ontology/trainer
http://dbpedia.org/resource/Most_Improved,http://dbpedia.org/ontology/owner
http://dbpedia.org/resource/Easton_(horse),http://dbpedia.org/ontology/owner
http://dbpedia.org/resource/Nasturtium_(horse),http://dbpedia.org/ontology/owner
http://dbpedia.org/resource/Xaar,http://dbpedia.org/ontology/trainer
http://dbpedia.org/resource/Xaar,http://dbpedia.org/ontology/owner
http://dbpedia.org/resource/Cigar_(horse),http://dbpedia.org/ontology/owner
http://dbpedia.org/resource/Alhaarth,http://dbpedia.org/ontology/trainer
http://dbpedia.org/resource/Alhaarth,http://dbpedia.org/ontology/owner
http://dbpedia.org/resource/Cotherstone_(horse),http://dbpedia.org/ontology/owner
http://dbpedia.org/resource/Effervescing_(horse),http://dbpedia.org/ontology/trainer
http://dbpedia.org/resource/Came_Home,http://dbpedia.org/ontology/owner
http://dbpedia.org/resource/King's_Theatre_(horse),http://dbpedia.org/ontology/trainer
http://dbpedia.org/resource/King's_Theatre_(horse),http://dbpedia.org/ontology/owner
http://dbpedia.org/resource/Quick_As_Lightning,http://dbpedia.org/ontology/trainer
http://dbpedia.org/resource/Drum_Taps_(horse),http://dbpedia.org/ontology/trainer
http://dbpedia.org/resource/Drum_Taps_(horse),http://dbpedia.org/ontology/owner
http://dbpedia.org/resource/Outstandingly,http://dbpedia.org/ontology/trainer
http://dbpedia.org/resource/Strawberry_Road,http://dbpedia.org/ontology/trainer
http://dbpedia.org/resource/Strawberry_Road,http://dbpedia.org/ontology/owner
http://dbpedia.org/resource/Sea_Pigeon,http://dbpedia.org/ontology/trainer
http://dbpedia.org/resource/Rumplestiltskin_(horse),http://dbpedia.org/ontology/owner
http://dbpedia.org/resource/Hill_Rise,http://dbpedia.org/ontology/trainer
http://dbpedia.org/resource/War_Command,http://dbpedia.org/ontology/owner
http://dbpedia.org/resource/Teenoso,http://dbpedia.org/ontology/trainer
http://dbpedia.org/resource/Ibn_Khaldun_(horse),http://dbpedia.org/ontology/trainer
http://dbpedia.org/resource/Terrang,http://dbpedia.org/ontology/trainer
http://dbpedia.org/resource/Herod_(horse),http://dbpedia.org/ontology/owner
http://dbpedia.org/resource/Sulamani,http://dbpedia.org/ontology/trainer
http://dbpedia.org/resource/Sulamani,http://dbpedia.org/ontology/owner
http://dbpedia.org/resource/Chance_Play,http://dbpedia.org/ontology/trainer
http://dbpedia.org/resource/Mastercraftsman,http://dbpedia.org/ontology/owner
http://dbpedia.org/resource/Noor_(horse),http://dbpedia.org/ontology/trainer
http://dbpedia.org/resource/Noor_(horse),http://dbpedia.org/ontology/owner
http://dbpedia.org/resource/Groovy_(horse),http://dbpedia.org/ontology/trainer
http://dbpedia.org/resource/Grandera,http://dbpedia.org/ontology/trainer
http://dbpedia.org/resource/Sir_Harry_Lewis,http://dbpedia.org/ontology/trainer
http://dbpedia.org/resource/Pan_(horse),http://dbpedia.org/ontology/owner
http://dbpedia.org/resource/Stacelita,http://dbpedia.org/ontology/trainer
http://dbpedia.org/resource/Kostroma_(horse),http://dbpedia.org/ontology/owner
http://dbpedia.org/resource/Beaugay,http://dbpedia.org/ontology/trainer
http://dbpedia.org/resource/Tobougg,http://dbpedia.org/ontology/trainer
http://dbpedia.org/resource/Tobougg,http://dbpedia.org/ontology/owner
http://dbpedia.org/resource/Ruler_of_the_World,http://dbpedia.org/ontology/owner
http://dbpedia.org/resource/Gato_Del_Sol,http://dbpedia.org/ontology/trainer
http://dbpedia.org/resource/Lawyer_Ron,http://dbpedia.org/ontology/trainer
http://dbpedia.org/resource/Well_Armed,http://dbpedia.org/ontology/trainer
http://dbpedia.org/resource/Challenger_(horse),http://dbpedia.org/ontology/owner
http://dbpedia.org/resource/Peter_Davies_(horse),http://dbpedia.org/ontology/trainer
http://dbpedia.org/resource/Excellent_Art,http://dbpedia.org/ontology/owner
http://dbpedia.org/resource/Surplice_(horse),http://dbpedia.org/ontology/owner
http://dbpedia.org/resource/Air_Force_Blue,http://dbpedia.org/ontology/owner
http://dbpedia.org/resource/Dark_Star_(horse),http://dbpedia.org/ontology/trainer
http://dbpedia.org/resource/Greinton_(horse),http://dbpedia.org/ontology/trainer
http://dbpedia.org/resource/River_Memories,http://dbpedia.org/ontology/trainer
http://dbpedia.org/resource/Night_of_Thunder_(horse),http://dbpedia.org/ontology/trainer
http://dbpedia.org/resource/Joshua_Tree_(horse),http://dbpedia.org/ontology/trainer
http://dbpedia.org/resource/Favorite_Trick,http://dbpedia.org/ontology/trainer
http://dbpedia.org/resource/Golden_Sword_(horse),http://dbpedia.org/ontology/trainer
http://dbpedia.org/resource/Golden_Sword_(horse),http://dbpedia.org/ontology/owner
http://dbpedia.org/resource/Turkhan,http://dbpedia.org/ontology/owner
http://dbpedia.org/resource/Wichita_Lineman_(horse),http://dbpedia.org/ontology/owner
http://dbpedia.org/resource/Velocipede_(horse),http://dbpedia.org/ontology/trainer
http://dbpedia.org/resource/Marvellous_(horse),http://dbpedia.org/ontology/owner
http://dbpedia.org/resource/Gold_Splash,http://dbpedia.org/ontology/trainer
http://dbpedia.org/resource/Sham_(horse),http://dbpedia.org/ontology/owner
http://dbpedia.org/resource/Sea_Moon,http://dbpedia.org/ontology/trainer
http://dbpedia.org/resource/Sea_Moon,http://dbpedia.org/ontology/owner
http://dbpedia.org/resource/Hibaayeb,http://dbpedia.org/ontology/trainer
http://dbpedia.org/resource/Verrazano_(horse),http://dbpedia.org/ontology/trainer
http://dbpedia.org/resource/Tapestry_(horse),http://dbpedia.org/ontology/owner
http://dbpedia.org/resource/Ogden_(horse),http://dbpedia.org/ontology/owner
http://dbpedia.org/resource/The_Colonel_(horse),http://dbpedia.org/ontology/owner
http://dbpedia.org/resource/Star_Kingdom,http://dbpedia.org/ontology/owner
http://dbpedia.org/resource/Blue_Gown,http://dbpedia.org/ontology/owner
http://dbpedia.org/resource/Aquarelliste,http://dbpedia.org/ontology/trainer
http://dbpedia.org/resource/Aquarelliste,http://dbpedia.org/ontology/owner
http://dbpedia.org/resource/Lammtarra,http://dbpedia.org/ontology/trainer
http://dbpedia.org/resource/Green_Moon,http://dbpedia.org/ontology/owner
http://dbpedia.org/resource/Playful_Act,http://dbpedia.org/ontology/owner
http://dbpedia.org/resource/Raintrap,http://dbpedia.org/ontology/trainer
http://dbpedia.org/resource/Intercontinental_(horse),http://dbpedia.org/ontology/trainer
http://dbpedia.org/resource/Gleneagles_(horse),http://dbpedia.org/ontology/owner
http://dbpedia.org/resource/Fiorente,http://dbpedia.org/ontology/trainer
http://dbpedia.org/resource/Volodyovski,http://dbpedia.org/ontology/owner
http://dbpedia.org/resource/Henry_of_Navarre_(horse),http://dbpedia.org/ontology/trainer
http://dbpedia.org/resource/Henry_of_Navarre_(horse),http://dbpedia.org/ontology/owner
http://dbpedia.org/resource/Dactylographer_(horse),http://dbpedia.org/ontology/owner
http://dbpedia.org/resource/Shoot_A_Line,http://dbpedia.org/ontology/trainer
http://dbpedia.org/resource/Shoot_A_Line,http://dbpedia.org/ontology/owner
http://dbpedia.org/resource/Shared_Belief,http://dbpedia.org/ontology/owner
http://dbpedia.org/resource/Americain,http://dbpedia.org/ontology/trainer
http://dbpedia.org/resource/Fairy_King_Prawn,http://dbpedia.org/ontology/trainer
http://dbpedia.org/resource/Notnowcato,http://dbpedia.org/ontology/owner
http://dbpedia.org/resource/Treve_(horse),http://dbpedia.org/ontology/owner
http://dbpedia.org/resource/Touch_Gold,http://dbpedia.org/ontology/trainer
http://dbpedia.org/resource/Discreet_Cat,http://dbpedia.org/ontology/trainer
http://dbpedia.org/resource/Magician_(horse),http://dbpedia.org/ontology/owner
http://dbpedia.org/resource/Sakhee,http://dbpedia.org/ontology/trainer
http://dbpedia.org/resource/Quest_for_Fame_(horse),http://dbpedia.org/ontology/trainer
http://dbpedia.org/resource/So_You_Think,http://dbpedia.org/ontology/trainer
http://dbpedia.org/resource/So_You_Think,http://dbpedia.org/ontology/owner
http://dbpedia.org/resource/Nijinsky's_Secret,http://dbpedia.org/ontology/owner
http://dbpedia.org/resource/Legatissimo,http://dbpedia.org/ontology/owner
http://dbpedia.org/resource/Shady_Well,http://dbpedia.org/ontology/owner
http://dbpedia.org/resource/Island_Sands,http://dbpedia.org/ontology/trainer
http://dbpedia.org/resource/Island_Sands,http://dbpedia.org/ontology/owner
http://dbpedia.org/resource/Goldfinder_(horse),http://dbpedia.org/ontology/owner
http://dbpedia.org/resource/Cacique_(horse),http://dbpedia.org/ontology/trainer
http://dbpedia.org/resource/Lord_Lyon_(horse),http://dbpedia.org/ontology/owner
http://dbpedia.org/resource/Ela-Mana-Mou,http://dbpedia.org/ontology/trainer
http://dbpedia.org/resource/Seek_Again,http://dbpedia.org/ontology/owner
http://dbpedia.org/resource/Hors_La_Loi_III,http://dbpedia.org/ontology/trainer
http://dbpedia.org/resource/Triptych_(horse),http://dbpedia.org/ontology/trainer
http://dbpedia.org/resource/Chapeau_d'Espagne,http://dbpedia.org/ontology/owner
http://dbpedia.org/resource/Round_Table_(horse),http://dbpedia.org/ontology/trainer
http://dbpedia.org/resource/Chester_House,http://dbpedia.org/ontology/trainer
http://dbpedia.org/resource/Chester_House,http://dbpedia.org/ontology/owner
http://dbpedia.org/resource/Halfway_to_Heaven_(horse),http://dbpedia.org/ontology/owner
http://dbpedia.org/resource/Unusual_Heat_(horse),http://dbpedia.org/ontology/trainer
http://dbpedia.org/resource/Sceptre_(horse),http://dbpedia.org/ontology/owner
http://dbpedia.org/resource/Common_(horse),http://dbpedia.org/ontology/owner
http://dbpedia.org/resource/Sharp_Cat,http://dbpedia.org/ontology/trainer
http://dbpedia.org/resource/Adelaide_(horse),http://dbpedia.org/ontology/owner
http://dbpedia.org/resource/Vieux_Manoir,http://dbpedia.org/ontology/owner
http://dbpedia.org/resource/Viva_Pataca,http://dbpedia.org/ontology/trainer
http://dbpedia.org/resource/Declaration_of_War_(horse),http://dbpedia.org/ontology/owner
http://dbpedia.org/resource/Wild_Desert,http://dbpedia.org/ontology/trainer
http://dbpedia.org/resource/Whalebone_(horse),http://dbpedia.org/ontology/owner
http://dbpedia.org/resource/Seabreeze_(horse),http://dbpedia.org/ontology/owner
http://dbpedia.org/resource/Toormore,http://dbpedia.org/ontology/trainer
http://dbpedia.org/resource/Ta_Wee,http://dbpedia.org/ontology/trainer
http://dbpedia.org/resource/Launch_a_Pegasus,http://dbpedia.org/ontology/trainer
http://dbpedia.org/resource/Miss_Alleged,http://dbpedia.org/ontology/trainer
http://dbpedia.org/resource/Mastery_(horse),http://dbpedia.org/ontology/trainer
http://dbpedia.org/resource/Estrapade_(horse),http://dbpedia.org/ontology/trainer
http://dbpedia.org/resource/Estrapade_(horse),http://dbpedia.org/ontology/owner
http://dbpedia.org/resource/High-Rise_(horse),http://dbpedia.org/ontology/trainer
http://dbpedia.org/resource/Dubai_Destination,http://dbpedia.org/ontology/trainer
http://dbpedia.org/resource/Dubai_Destination,http://dbpedia.org/ontology/owner
http://dbpedia.org/resource/Ace_Admiral,http://dbpedia.org/ontology/trainer
http://dbpedia.org/resource/Buckskin_(racehorse),http://dbpedia.org/ontology/trainer
http://dbpedia.org/resource/Makybe_Diva,http://dbpedia.org/ontology/trainer
http://dbpedia.org/resource/Grey_Lag,http://dbpedia.org/ontology/trainer
http://dbpedia.org/resource/Grey_Lag,http://dbpedia.org/ontology/owner
http://dbpedia.org/resource/Penelope_(horse),http://dbpedia.org/ontology/owner
http://dbpedia.org/resource/Awesome_Again,http://dbpedia.org/ontology/trainer
http://dbpedia.org/resource/Fairway_(horse),http://dbpedia.org/ontology/trainer
http://dbpedia.org/resource/Track_Robbery,http://dbpedia.org/ontology/trainer
http://dbpedia.org/resource/Found_(horse),http://dbpedia.org/ontology/owner
http://dbpedia.org/resource/Tippity_Witchet,http://dbpedia.org/ontology/trainer
http://dbpedia.org/resource/Maybe_(horse),http://dbpedia.org/ontology/owner
http://dbpedia.org/resource/Petite_Etoile,http://dbpedia.org/ontology/owner
http://dbpedia.org/resource/Hafiz_(horse),http://dbpedia.org/ontology/owner
http://dbpedia.org/resource/Val_Royal,http://dbpedia.org/ontology/trainer
http://dbpedia.org/resource/Busybody_(horse),http://dbpedia.org/ontology/trainer
http://dbpedia.org/resource/Pyro_(horse),http://dbpedia.org/ontology/trainer
http://dbpedia.org/resource/Vulcan's_Forge_(horse),http://dbpedia.org/ontology/trainer
http://dbpedia.org/resource/Vulcan's_Forge_(horse),http://dbpedia.org/ontology/owner
http://dbpedia.org/resource/Endurance_by_Right,http://dbpedia.org/ontology/owner
http://dbpedia.org/resource/Annie_Power,http://dbpedia.org/ontology/trainer
http://dbpedia.org/resource/Shake_The_Yoke,http://dbpedia.org/ontology/trainer
http://dbpedia.org/resource/So_Factual,http://dbpedia.org/ontology/trainer
http://dbpedia.org/resource/So_Factual,http://dbpedia.org/ontology/owner
http://dbpedia.org/resource/Godetia_(horse),http://dbpedia.org/ontology/trainer
http://dbpedia.org/resource/Godetia_(horse),http://dbpedia.org/ontology/owner
http://dbpedia.org/resource/Rock_Sand,http://dbpedia.org/ontology/owner
http://dbpedia.org/resource/Miche_(horse),http://dbpedia.org/ontology/trainer
http://dbpedia.org/resource/Questing_(horse),http://dbpedia.org/ontology/trainer
http://dbpedia.org/resource/Pour_Moi,http://dbpedia.org/ontology/owner
http://dbpedia.org/resource/Bertrando,http://dbpedia.org/ontology/trainer
http://dbpedia.org/resource/Jewel's_Reward,http://dbpedia.org/ontology/trainer
http://dbpedia.org/resource/Lath_(horse),http://dbpedia.org/ontology/owner
http://dbpedia.org/resource/Pelisse_(horse),http://dbpedia.org/ontology/owner
http://dbpedia.org/resource/Power_(horse),http://dbpedia.org/ontology/owner
http://dbpedia.org/resource/Belmar_(horse),http://dbpedia.org/ontology/owner
http://dbpedia.org/resource/Blue_Girl_(horse),http://dbpedia.org/ontology/owner
http://dbpedia.org/resource/Acamas_(horse),http://dbpedia.org/ontology/owner
http://dbpedia.org/resource/Encosta_De_Lago,http://dbpedia.org/ontology/owner
http://dbpedia.org/resource/Height_of_Fashion_(horse),http://dbpedia.org/ontology/owner
http://dbpedia.org/resource/Buckpasser,http://dbpedia.org/ontology/trainer
http://dbpedia.org/resource/Dubai_Millennium,http://dbpedia.org/ontology/trainer
http://dbpedia.org/resource/La_Troienne,http://dbpedia.org/ontology/owner
http://dbpedia.org/resource/Mighty_High_(racehorse),http://dbpedia.org/ontology/trainer
http://dbpedia.org/resource/Toulon_(horse),http://dbpedia.org/ontology/trainer
http://dbpedia.org/resource/Tamarisk_(horse),http://dbpedia.org/ontology/trainer
http://dbpedia.org/resource/Monterosso_(horse),http://dbpedia.org/ontology/owner
http://dbpedia.org/resource/No_Nay_Never,http://dbpedia.org/ontology/owner
http://dbpedia.org/resource/Searching_(horse),http://dbpedia.org/ontology/trainer
http://dbpedia.org/resource/Gulch_(horse),http://dbpedia.org/ontology/trainer
http://dbpedia.org/resource/Daylami,http://dbpedia.org/ontology/trainer
http://dbpedia.org/resource/Daylami,http://dbpedia.org/ontology/owner
http://dbpedia.org/resource/Busher_(horse),http://dbpedia.org/ontology/trainer
http://dbpedia.org/resource/Busher_(horse),http://dbpedia.org/ontology/owner
http://dbpedia.org/resource/Curlin,http://dbpedia.org/ontology/trainer
http://dbpedia.org/resource/Ma_Biche,http://dbpedia.org/ontology/owner
http://dbpedia.org/resource/Viking_Flagship,http://dbpedia.org/ontology/trainer
http://dbpedia.org/resource/Dahlia_(horse),http://dbpedia.org/ontology/trainer
http://dbpedia.org/resource/Dahlia_(horse),http://dbpedia.org/ontology/owner
http://dbpedia.org/resource/Northern_Spur,http://dbpedia.org/ontology/trainer
http://dbpedia.org/resource/Just_a_Game_(horse),http://dbpedia.org/ontology/trainer
http://dbpedia.org/resource/Zoffany_(horse),http://dbpedia.org/ontology/trainer
http://dbpedia.org/resource/Arazi_(horse),http://dbpedia.org/ontology/owner
http://dbpedia.org/resource/St._Blaise_(horse),http://dbpedia.org/ontology/owner
http://dbpedia.org/resource/Forego,http://dbpedia.org/ontology/trainer
http://dbpedia.org/resource/Ask_(horse),http://dbpedia.org/ontology/owner
http://dbpedia.org/resource/Ben_Brush,http://dbpedia.org/ontology/trainer
http://dbpedia.org/resource/Ben_Brush,http://dbpedia.org/ontology/owner
http://dbpedia.org/resource/Milkmaid_(horse),http://dbpedia.org/ontology/trainer
http://dbpedia.org/resource/Milkmaid_(horse),http://dbpedia.org/ontology/owner
http://dbpedia.org/resource/Committed_(horse),http://dbpedia.org/ontology/trainer
http://dbpedia.org/resource/Committed_(horse),http://dbpedia.org/ontology/owner
http://dbpedia.org/resource/Rainbow_View,http://dbpedia.org/ontology/trainer
http://dbpedia.org/resource/Charlottesville_(horse),http://dbpedia.org/ontology/owner
http://dbpedia.org/resource/Sagamix,http://dbpedia.org/ontology/trainer
http://dbpedia.org/resource/Sagamix,http://dbpedia.org/ontology/owner
http://dbpedia.org/resource/Anzum,http://dbpedia.org/ontology/trainer
http://dbpedia.org/resource/Moonshell_(horse),http://dbpedia.org/ontology/trainer
http://dbpedia.org/resource/Moonshell_(horse),http://dbpedia.org/ontology/owner
http://dbpedia.org/resource/Quicken_Tree_(horse),http://dbpedia.org/ontology/owner
http://dbpedia.org/resource/Oratorio_(horse),http://dbpedia.org/ontology/owner
http://dbpedia.org/resource/Paris_(horse),http://dbpedia.org/ontology/owner
http://dbpedia.org/resource/Opening_Verse,http://dbpedia.org/ontology/owner
http://dbpedia.org/resource/Nichols_Canyon_(horse),http://dbpedia.org/ontology/trainer
http://dbpedia.org/resource/Broomstick_(horse),http://dbpedia.org/ontology/owner
http://dbpedia.org/resource/Thunder_Rumble,http://dbpedia.org/ontology/trainer
http://dbpedia.org/resource/Lillie_Langtry_(horse),http://dbpedia.org/ontology/owner
http://dbpedia.org/resource/Grand_Slam_(horse),http://dbpedia.org/ontology/owner
http://dbpedia.org/resource/Petrarch_(horse),http://dbpedia.org/ontology/owner
http://dbpedia.org/resource/Highflyer_(horse),http://dbpedia.org/ontology/owner
http://dbpedia.org/resource/Silver_Birch_(horse),http://dbpedia.org/ontology/trainer
http://dbpedia.org/resource/George_Washington_(horse),http://dbpedia.org/ontology/owner
http://dbpedia.org/resource/Whisk_Broom_II,http://dbpedia.org/ontology/trainer
http://dbpedia.org/resource/Barton_(horse),http://dbpedia.org/ontology/trainer
http://dbpedia.org/resource/Countess_Diana,http://dbpedia.org/ontology/trainer
http://dbpedia.org/resource/Spark_(horse),http://dbpedia.org/ontology/owner
http://dbpedia.org/resource/Pet_Bully,http://dbpedia.org/ontology/trainer
http://dbpedia.org/resource/Tiutchev_(horse),http://dbpedia.org/ontology/trainer
http://dbpedia.org/resource/Postponed,http://dbpedia.org/ontology/trainer
http://dbpedia.org/resource/Shamardal,http://dbpedia.org/ontology/trainer
http://dbpedia.org/resource/Golden_Pheasant_(horse),http://dbpedia.org/ontology/trainer
http://dbpedia.org/resource/Olympic_Glory,http://dbpedia.org/ontology/trainer
http://dbpedia.org/resource/Gallant_Bloom,http://dbpedia.org/ontology/trainer
http://dbpedia.org/resource/Basqueian,http://dbpedia.org/ontology/trainer
http://dbpedia.org/resource/Alphabatim,http://dbpedia.org/ontology/trainer
http://dbpedia.org/resource/Stardom_Bound,http://dbpedia.org/ontology/trainer
http://dbpedia.org/resource/Mr_Brooks_(horse),http://dbpedia.org/ontology/trainer
http://dbpedia.org/resource/Peace_Rules,http://dbpedia.org/ontology/trainer
http://dbpedia.org/resource/Hernando_(horse),http://dbpedia.org/ontology/trainer
http://dbpedia.org/resource/Camelot_(horse),http://dbpedia.org/ontology/owner
http://dbpedia.org/resource/Shirocco,http://dbpedia.org/ontology/trainer
http://dbpedia.org/resource/Military_Attack,http://dbpedia.org/ontology/trainer
http://dbpedia.org/resource/Stymie_(horse),http://dbpedia.org/ontology/trainer
http://dbpedia.org/resource/Jaazeiro,http://dbpedia.org/ontology/trainer
http://dbpedia.org/resource/Masked_Marvel_(horse),http://dbpedia.org/ontology/trainer
http://dbpedia.org/resource/Bald_Eagle_(horse),http://dbpedia.org/ontology/trainer
http://dbpedia.org/resource/Bahamian_Bounty,http://dbpedia.org/ontology/trainer
http://dbpedia.org/resource/Daddy_Long_Legs_(horse),http://dbpedia.org/ontology/owner
http://dbpedia.org/resource/Better_Loosen_Up,http://dbpedia.org/ontology/trainer
http://dbpedia.org/resource/Rahy,http://dbpedia.org/ontology/trainer
http://dbpedia.org/resource/Blue_Duster,http://dbpedia.org/ontology/trainer
http://dbpedia.org/resource/Blue_Duster,http://dbpedia.org/ontology/owner
http://dbpedia.org/resource/Citation_(horse),http://dbpedia.org/ontology/trainer
http://dbpedia.org/resource/Paradox_(horse),http://dbpedia.org/ontology/owner
http://dbpedia.org/resource/Dunbeath_(horse),http://dbpedia.org/ontology/trainer
http://dbpedia.org/resource/Bondi_Beach_(horse),http://dbpedia.org/ontology/owner
http://dbpedia.org/resource/Hail_To_Reason,http://dbpedia.org/ontology/owner
http://dbpedia.org/resource/George_Smith_(horse),http://dbpedia.org/ontology/owner
http://dbpedia.org/resource/Mine_That_Bird,http://dbpedia.org/ontology/trainer
http://dbpedia.org/resource/Regal_Intention,http://dbpedia.org/ontology/owner
http://dbpedia.org/resource/Pride_(horse),http://dbpedia.org/ontology/trainer
http://dbpedia.org/resource/West_Australian_(horse),http://dbpedia.org/ontology/owner
http://dbpedia.org/resource/Jeune,http://dbpedia.org/ontology/trainer
http://dbpedia.org/resource/Debussy_(horse),http://dbpedia.org/ontology/trainer
http://dbpedia.org/resource/Debussy_(horse),http://dbpedia.org/ontology/owner
http://dbpedia.org/resource/Elis_(horse),http://dbpedia.org/ontology/owner
http://dbpedia.org/resource/Almaarad,http://dbpedia.org/ontology/trainer
http://dbpedia.org/resource/Galopin,http://dbpedia.org/ontology/owner
http://dbpedia.org/resource/Arcangues_(horse),http://dbpedia.org/ontology/trainer
http://dbpedia.org/resource/Flagship_Uberalles,http://dbpedia.org/ontology/trainer
http://dbpedia.org/resource/Excelebration,http://dbpedia.org/ontology/owner
http://dbpedia.org/resource/Rewilding_(horse),http://dbpedia.org/ontology/trainer
http://dbpedia.org/resource/Rewilding_(horse),http://dbpedia.org/ontology/owner
http://dbpedia.org/resource/Ruhlmann,http://dbpedia.org/ontology/trainer
http://dbpedia.org/resource/Refuse_To_Bend,http://dbpedia.org/ontology/trainer
http://dbpedia.org/resource/Refuse_To_Bend,http://dbpedia.org/ontology/owner
http://dbpedia.org/resource/Chriselliam,http://dbpedia.org/ontology/owner
http://dbpedia.org/resource/One_Cool_Cat,http://dbpedia.org/ontology/owner
http://dbpedia.org/resource/Cardigan_Bay_(horse),http://dbpedia.org/ontology/trainer
http://dbpedia.org/resource/Better_Than_Honour,http://dbpedia.org/ontology/owner
http://dbpedia.org/resource/Rubens_(horse),http://dbpedia.org/ontology/owner
http://dbpedia.org/resource/Triple_Bend,http://dbpedia.org/ontology/trainer
http://dbpedia.org/resource/John_F_Kennedy_(horse),http://dbpedia.org/ontology/owner
http://dbpedia.org/resource/Miss_Woodford,http://dbpedia.org/ontology/trainer
http://dbpedia.org/resource/Bob_Back,http://dbpedia.org/ontology/trainer
http://dbpedia.org/resource/Bob_Back,http://dbpedia.org/ontology/owner
http://dbpedia.org/resource/Empire_Glory,http://dbpedia.org/ontology/owner
http://dbpedia.org/resource/Hamburg_(horse),http://dbpedia.org/ontology/owner
http://dbpedia.org/resource/Diamond_Jubilee_(horse),http://dbpedia.org/ontology/owner
http://dbpedia.org/resource/Master_Oats,http://dbpedia.org/ontology/trainer
http://dbpedia.org/resource/Blue_Wind,http://dbpedia.org/ontology/trainer
http://dbpedia.org/resource/Classic_Cliche,http://dbpedia.org/ontology/trainer
http://dbpedia.org/resource/Classic_Cliche,http://dbpedia.org/ontology/owner
http://dbpedia.org/resource/Fitz_Herbert,http://dbpedia.org/ontology/owner
http://dbpedia.org/resource/Halma_(horse),http://dbpedia.org/ontology/owner
http://dbpedia.org/resource/Pebbles_(horse),http://dbpedia.org/ontology/owner
http://dbpedia.org/resource/Akeed_Mofeed,http://dbpedia.org/ontology/trainer
http://dbpedia.org/resource/Hambletonian_(horse),http://dbpedia.org/ontology/owner
http://dbpedia.org/resource/First_Dude_(horse),http://dbpedia.org/ontology/trainer
http://dbpedia.org/resource/Bewitch,http://dbpedia.org/ontology/trainer
http://dbpedia.org/resource/Harlan's_Holiday,http://dbpedia.org/ontology/trainer
http://dbpedia.org/resource/Gold_Heels,http://dbpedia.org/ontology/owner
http://dbpedia.org/resource/Jamestown_(horse),http://dbpedia.org/ontology/trainer
http://dbpedia.org/resource/Halling_(horse),http://dbpedia.org/ontology/trainer
http://dbpedia.org/resource/Copenhagen_(horse),http://dbpedia.org/ontology/owner
http://dbpedia.org/resource/Literato,http://dbpedia.org/ontology/trainer
http://dbpedia.org/resource/Literato,http://dbpedia.org/ontology/owner
http://dbpedia.org/resource/Luke_McLuke,http://dbpedia.org/ontology/owner
http://dbpedia.org/resource/Elnadim,http://dbpedia.org/ontology/trainer
http://dbpedia.org/resource/Palace_Music_(horse),http://dbpedia.org/ontology/trainer
http://dbpedia.org/resource/Palace_Music_(horse),http://dbpedia.org/ontology/owner
http://dbpedia.org/resource/Manduro,http://dbpedia.org/ontology/trainer
http://dbpedia.org/resource/Istabraq,http://dbpedia.org/ontology/owner
http://dbpedia.org/resource/The_Duchess_(horse),http://dbpedia.org/ontology/owner
http://dbpedia.org/resource/Snap_(horse),http://dbpedia.org/ontology/owner
http://dbpedia.org/resource/Intikhab,http://dbpedia.org/ontology/owner
http://dbpedia.org/resource/Homecoming_Queen_(horse),http://dbpedia.org/ontology/owner
http://dbpedia.org/resource/Carry_On_Katie,http://dbpedia.org/ontology/trainer
http://dbpedia.org/resource/J._O._Tobin,http://dbpedia.org/ontology/trainer
http://dbpedia.org/resource/Sanglamore,http://dbpedia.org/ontology/trainer
http://dbpedia.org/resource/Teggiano_(horse),http://dbpedia.org/ontology/trainer
http://dbpedia.org/resource/Seattle_Dancer,http://dbpedia.org/ontology/owner
http://dbpedia.org/resource/Casamento,http://dbpedia.org/ontology/owner
http://dbpedia.org/resource/Jolypha,http://dbpedia.org/ontology/trainer
http://dbpedia.org/resource/King's_Bishop,http://dbpedia.org/ontology/trainer
http://dbpedia.org/resource/John_Henry_(horse),http://dbpedia.org/ontology/trainer
http://dbpedia.org/resource/My_Miss_Aurelia,http://dbpedia.org/ontology/trainer
http://dbpedia.org/resource/Commander_Collins,http://dbpedia.org/ontology/trainer
http://dbpedia.org/resource/Commander_Collins,http://dbpedia.org/ontology/owner
http://dbpedia.org/resource/Stephanie's_Kitten,http://dbpedia.org/ontology/trainer
http://dbpedia.org/resource/Pharamond_II,http://dbpedia.org/ontology/trainer
http://dbpedia.org/resource/Grey_Momus,http://dbpedia.org/ontology/owner
http://dbpedia.org/resource/Quality_Road,http://dbpedia.org/ontology/trainer
http://dbpedia.org/resource/Sainfoin_(horse),http://dbpedia.org/ontology/owner
http://dbpedia.org/resource/Stanerra,http://dbpedia.org/ontology/trainer
http://dbpedia.org/resource/Emmson,http://dbpedia.org/ontology/owner
http://dbpedia.org/resource/To-Agori-Mou,http://dbpedia.org/ontology/trainer
http://dbpedia.org/resource/Cape_Blanco_(horse),http://dbpedia.org/ontology/owner
http://dbpedia.org/resource/Was_(horse),http://dbpedia.org/ontology/owner
http://dbpedia.org/resource/Ardross_(horse),http://dbpedia.org/ontology/trainer
http://dbpedia.org/resource/Prince_Bishop_(horse),http://dbpedia.org/ontology/trainer
http://dbpedia.org/resource/Prince_Bishop_(horse),http://dbpedia.org/ontology/owner
http://dbpedia.org/resource/Zarkandar,http://dbpedia.org/ontology/trainer
http://dbpedia.org/resource/La_Fleche_(horse),http://dbpedia.org/ontology/trainer
http://dbpedia.org/resource/Alexandrova_(horse),http://dbpedia.org/ontology/owner
http://dbpedia.org/resource/Bowling_Brook,http://dbpedia.org/ontology/owner
http://dbpedia.org/resource/Exceller,http://dbpedia.org/ontology/trainer
http://dbpedia.org/resource/Ipi_Tombe,http://dbpedia.org/ontology/owner
http://dbpedia.org/resource/Anabaa,http://dbpedia.org/ontology/owner
http://dbpedia.org/resource/Star_Pilot_(horse),http://dbpedia.org/ontology/trainer
http://dbpedia.org/resource/Irish_Lad,http://dbpedia.org/ontology/owner
http://dbpedia.org/resource/Chanteur,http://dbpedia.org/ontology/owner
http://dbpedia.org/resource/Royal_Anthem_(horse),http://dbpedia.org/ontology/trainer
http://dbpedia.org/resource/Kingston_(horse),http://dbpedia.org/ontology/trainer
http://dbpedia.org/resource/Kingston_(horse),http://dbpedia.org/ontology/owner
http://dbpedia.org/resource/Crow_(horse),http://dbpedia.org/ontology/trainer
http://dbpedia.org/resource/Raceland_(horse),http://dbpedia.org/ontology/trainer
http://dbpedia.org/resource/Raceland_(horse),http://dbpedia.org/ontology/owner
http://dbpedia.org/resource/Bold_Lad,http://dbpedia.org/ontology/trainer
http://dbpedia.org/resource/Sir_Tristram,http://dbpedia.org/ontology/owner
http://dbpedia.org/resource/Tom_Ochiltree,http://dbpedia.org/ontology/owner
http://dbpedia.org/resource/Waya,http://dbpedia.org/ontology/trainer
http://dbpedia.org/resource/Waya,http://dbpedia.org/ontology/owner
http://dbpedia.org/resource/Battleship_(horse),http://dbpedia.org/ontology/owner
http://dbpedia.org/resource/Tentam,http://dbpedia.org/ontology/owner
http://dbpedia.org/resource/Jack_Hobbs_(horse),http://dbpedia.org/ontology/owner
http://dbpedia.org/resource/Mameluke_(British_horse),http://dbpedia.org/ontology/owner
http://dbpedia.org/resource/Providential,http://dbpedia.org/ontology/trainer
http://dbpedia.org/resource/Electrocutionist,http://dbpedia.org/ontology/owner
http://dbpedia.org/resource/Karshi_(horse),http://dbpedia.org/ontology/trainer
http://dbpedia.org/resource/Lyric_Fantasy,http://dbpedia.org/ontology/owner
http://dbpedia.org/resource/Saumarez_(horse),http://dbpedia.org/ontology/owner
http://dbpedia.org/resource/Intentionally_(horse),http://dbpedia.org/ontology/trainer
http://dbpedia.org/resource/Soldier_of_Fortune_(horse),http://dbpedia.org/ontology/owner
http://dbpedia.org/resource/Secretariat_(horse),http://dbpedia.org/ontology/owner
http://dbpedia.org/resource/Dylan_Thomas_(horse),http://dbpedia.org/ontology/owner
http://dbpedia.org/resource/Erins_Isle_(horse),http://dbpedia.org/ontology/trainer
http://dbpedia.org/resource/Royal_Gait,http://dbpedia.org/ontology/trainer
http://dbpedia.org/resource/African_Story,http://dbpedia.org/ontology/trainer
http://dbpedia.org/resource/African_Story,http://dbpedia.org/ontology/owner
http://dbpedia.org/resource/Cape_Verdi,http://dbpedia.org/ontology/trainer
http://dbpedia.org/resource/Cape_Verdi,http://dbpedia.org/ontology/owner
http://dbpedia.org/resource/Rule_of_Law_(horse),http://dbpedia.org/ontology/trainer
http://dbpedia.org/resource/Rule_of_Law_(horse),http://dbpedia.org/ontology/owner
http://dbpedia.org/resource/Encke_(horse),http://dbpedia.org/ontology/trainer
http://dbpedia.org/resource/Champs_Elysees_(horse),http://dbpedia.org/ontology/trainer
http://dbpedia.org/resource/Royal_Heroine,http://dbpedia.org/ontology/trainer
http://dbpedia.org/resource/Timber_Country,http://dbpedia.org/ontology/owner
http://dbpedia.org/resource/Dr_Fong,http://dbpedia.org/ontology/trainer
http://dbpedia.org/resource/Gorytus_(horse),http://dbpedia.org/ontology/trainer
http://dbpedia.org/resource/Starborough,http://dbpedia.org/ontology/trainer
http://dbpedia.org/resource/Starborough,http://dbpedia.org/ontology/owner
http://dbpedia.org/resource/Maids_Causeway,http://dbpedia.org/ontology/owner
http://dbpedia.org/resource/Misty_for_Me,http://dbpedia.org/ontology/owner
http://dbpedia.org/resource/Flawlessly,http://dbpedia.org/ontology/trainer
http://dbpedia.org/resource/Kayf_Tara,http://dbpedia.org/ontology/trainer
http://dbpedia.org/resource/Storming_Home,http://dbpedia.org/ontology/trainer
http://dbpedia.org/resource/Landing_Light,http://dbpedia.org/ontology/trainer
http://dbpedia.org/resource/Together_Forever_(horse),http://dbpedia.org/ontology/owner
http://dbpedia.org/resource/Beat_Hollow,http://dbpedia.org/ontology/trainer
http://dbpedia.org/resource/Swain_(horse),http://dbpedia.org/ontology/trainer
http://dbpedia.org/resource/Swain_(horse),http://dbpedia.org/ontology/owner
