subject,property,current_or_latest,start_time
Palghar_railway_station,owner,,
Bunnerong_Power_Station,owner,,
Sedgeford_railway_station,owner,,
Comcast_Innovation_and_Technology_Center,owner,,
Jabalpur_Junction_railway_station,owner,,
Mount_Eden_Railway_Station,owner,,
Stade_Nuclear_Power_Plant,owner,,
Raikabag_Palace_Junction_railway_station,owner,,
Kopar_Khairane_railway_station,owner,,
Lehigh_Line_(Norfolk_Southern),owner,,
Thiruninravur_railway_station,owner,,
Sha_Tin_Airfield,owner,,
Muhibbah_LRT_Station,owner,,
Princesshay,owner,,
Perambur_Loco_Works_railway_station,owner,,
Gare_de_Blois,owner,,
Bude_railway_station,owner,,
Dadar_railway_station,owner,,
Crossrail_2,owner,,
Gare_de_Rennes,owner,,
Neral_railway_station,owner,,
Pukekohe_Railway_Station,owner,,
Changjiang_Nuclear_Power_Plant,owner,,
Walter_Rand_Transportation_Center,owner,,
Shoscombe_and_Single_Hill_Halt_railway_station,owner,,
Holmsley_railway_station,owner,,
MetroCentre_(shopping_centre),owner,,
Broadwater_Energy,owner,,
Viking_Wind_Farm,owner,,
Gorleston_Links_railway_station,owner,,
Grand_Century_Place,owner,,
Pulham_Market_railway_station,owner,,
Partridge_Green_railway_station,owner,,
Basin_Bridge_railway_station,owner,,
Westroads_Mall,owner,,
Jumbo_Shopping_Centre,owner,,
Chantilly_Racecourse,owner,,
Helensville_railway_station,owner,,
Bharuch_Junction_railway_station,owner,,
Corton_railway_station,owner,,
Chadstone_Shopping_Centre,owner,,
Hinkley_Point_B_Nuclear_Power_Station,owner,,
Gare_de_Saint-Nazaire,owner,,
Greenwich_station,owner,,
Dahanu_Road,owner,,
Lutterworth_railway_station,owner,,
Sawai_Madhopur_Junction_railway_station,owner,,
Nahur_railway_station,owner,,
Gare_de_Dommartin-Remiencourt,owner,,
Vikhroli_railway_station,owner,,
Yorkdale_Shopping_Centre,owner,,
Siam_Paragon,owner,,
200_Vesey_Street,owner,,
Oldman_River_Hydroelectric_Plant,owner,,
Horringford_railway_station,owner,,
Barcombe_Mills_railway_station,owner,,
Holdom_station,owner,,
Maruyama_Dam,owner,,
Udaipur_City_railway_station,owner,,
Indira_Gandhi_Super_Thermal_Power_Project,owner,,
Mira_Road_railway_station,owner,,
Shek_Kong_Airfield,owner,,
Rentschler_Field,owner,,
Bexhill_West_Branch_Line,owner,,
Pattabiram_West_railway_station,owner,,
Khadavli_railway_station,owner,,
Panmure_Railway_Station,owner,,
Ratnagiri_railway_station,owner,,
Gare_de_Cramoisy,owner,,
Ogilvie_Transportation_Center,owner,,
Ollur_railway_station,owner,,
Urapakkam_railway_station,owner,,
Kampung_Baru_LRT_Station,owner,,
Kalamboli_railway_station,owner,,
Kalyan_Junction_railway_station,owner,,
Mazhom_railway_station,owner,,
Boston_Garden,owner,,
Andheri_railway_station,owner,,
Grain_Crossing_Halt_railway_station,owner,,
Fashion_Valley_Mall,owner,,
IOI_Puchong_Jaya_LRT_Station,owner,,
Sapperton_station,owner,,
Kelavli_railway_station,owner,,
Almaraz_Nuclear_Power_Plant,owner,,
Yarmouth_(Isle_of_Wight)_railway_station,owner,,
Khandeshwar_railway_station,owner,,
Brussels-West_station,owner,,
Columbia_Energy_Center,owner,,
Carlton_Hill_(Erie_Railroad_station),owner,,
Gare_d'Ossun,owner,,
Taloja_railway_station,owner,,
Rose_Quarter,owner,,
The_Galleria,owner,,
East_Grinstead_railway_station,owner,,
Westfield_Southland,owner,,
Joffre_Cogeneration_Plant,owner,,
Sturges_Road_Railway_Station,owner,,
Singaperumal_Koil_railway_station,owner,,
Vadodara_Junction_railway_station,owner,,
Ryhall_railway_station,owner,,
Anderston_Centre,owner,,
Sheringham_Shoal_Offshore_Wind_Farm,owner,,
Creswell_and_Welbeck_railway_station,owner,,
Gare_de_Guillaucourt,owner,,
Government_House_(British_Columbia),owner,,
Bombo_Military_Hospital,owner,,
Flordon_railway_station,owner,,
Michigan_Line,owner,,
Thrissur_railway_station,owner,,
Mahalaxmi_railway_station,owner,,
MetLife_Building,owner,,
Mile_High_Stadium,owner,,
Penda's_Way_railway_station,owner,,
Cawston_railway_station,owner,,
Jamestown_(Erie_Railroad_station),owner,,
Gadarwara_railway_station,owner,,
Central_Milton_Keynes_Shopping_Centre,owner,,
Euston_St._Pancras_railway_station,owner,,
Padi_railway_station,owner,,
V._O._C._Nagar_railway_station,owner,,
Blandford_Forum_railway_station,owner,,
Isleta_Station,owner,,
Gare_de_Montescourt,owner,,
Penmanshiel_Tunnel,owner,,
Ticha_Stadium,owner,,
Wawel_Castle,owner,,
Alam_Megah_LRT_Station,owner,,
Pattabiram_East_Depot_railway_station,owner,,
Tivetshall_railway_station,owner,,
Moda_Center,owner,,
Gare_de_Chepoix,owner,,
Port_Moller_Airport,owner,,
Andasol_Solar_Power_Station,owner,,
Shepton_Mallet_(Charlton_Road)_railway_station,owner,,
Blackhorse_Road_station,owner,,
Heathfield_(Sussex)_railway_station,owner,,
The_Four_Seasons_Restaurant,owner,,
Westerham_railway_station,owner,,
Perambur_Carriage_Works_railway_station,owner,,
Kurla_railway_station,owner,,
Gladstone_Power_Station,owner,,
Taman_Jaya_LRT_Station,owner,,
Otahuhu_Railway_Station,owner,,
Newport_railway_station_(IoWCR),owner,,
Vandalur_railway_station,owner,,
Chetput_railway_station,owner,,
Thirumullaivoyal_railway_station,owner,,
Bandra_railway_station,owner,,
Kilnhurst_Central_railway_station,owner,,
Currey_Road_railway_station,owner,,
Ekibastuz_GRES-1,owner,,
Wincanton_railway_station,owner,,
Demarest_(Erie_Railroad_station),owner,,
Kerinchi_LRT_Station,owner,,
Middle_Stoke_Halt_railway_station,owner,,
Aluva_railway_station,owner,,
Taman_Paramount_LRT_Station,owner,,
Lavant_railway_station,owner,,
Guduvancheri_railway_station,owner,,
Shri_Mahabirji_railway_station,owner,,
Gare_de_Marseille-Saint-Charles,owner,,
Bailey_Gate_railway_station,owner,,
Sheffield_station,owner,,
Clifton_(Erie_Railroad_station),owner,,
Nanaimo_station,owner,,
Fakenham_East_railway_station,owner,,
Gilmore_station,owner,,
Alverstone_railway_station,owner,,
Otago_Central_Railway,owner,,
Swanson_Railway_Station,owner,,
Ghansoli_railway_station,owner,,
Woodfield_Mall,owner,,
Itchen_Abbas_railway_station,owner,,
Scott_Road_station,owner,,
Holkham_railway_station,owner,,
Putra_Heights_LRT_Station,owner,,
Kandivali_railway_station,owner,,
Sangtuda_1_Hydroelectric_Power_Plant,owner,,
Long_Branch_Saloon,owner,,
Sewri_railway_station,owner,,
Upperthorpe_and_Killamarsh_railway_station,owner,,
Calder_Race_Course,owner,,
Richland_Hills_(TRE_station),owner,,
Kodambakkam_railway_station,owner,,
Veppampattu_railway_station,owner,,
Val_de_Fontenay_(Paris_RER),owner,,
Hopton-on-Sea_railway_station,owner,,
Morningside_Road_railway_station,owner,,
Trona_Airport,owner,,
Foxboro_Stadium,owner,,
Kaman_Road_railway_station,owner,,
Jalna_railway_station,owner,,
Meadowbank_Railway_Station_(New_Zealand),owner,,
Misawa_Airport,owner,,
Southfleet_railway_station,owner,,
Sportsman's_Park,owner,,
Blackford_Hill_railway_station,owner,,
Sultan_Iskandar_Building,owner,,
RAF_Hythe,owner,,
29th_Avenue_station,owner,,
Emsland_Nuclear_Power_Plant,owner,,
Kelana_Jaya_LRT_Station,owner,,
Manukau_Supa_Centa,owner,,
Government_House_(Alberta),owner,,
Sion_railway_station,owner,,
Gare_d'Hendaye,owner,,
New_Haven_Line,owner,,
Stourbridge_Basin,owner,,
Shirebrook_North_railway_station,owner,,
High_Speed_1,owner,,
Dativali_railway_station,owner,,
Lincs_Wind_Farm,owner,,
HaYarkon_96,owner,,
Uniroyal_Giant_Tire,owner,,
New_Westminster_station,owner,,
Brookland_Halt_railway_station,owner,,
Gare_de_Nantes,owner,,
Awan_Besar_LRT_Station,owner,,
Forest_Row_railway_station,owner,,
Nala_Sopara_railway_station,owner,,
Saidapet_railway_station,owner,,
Eastern_Corridor_Commuter_Rail,owner,,
Foulsham_railway_station,owner,,
Dockyard_Road_railway_station,owner,,
Tayside_House,owner,,
Walnut_Tree_Viaduct,owner,,
Heritage_Corridor,owner,,
Gare_de_Clermont-de-l'Oise,owner,,
Sheffield_Victoria_railway_station,owner,,
Charni_Road_railway_station,owner,,
Hammersmith_Apollo,owner,,
Hartlepool_Nuclear_Power_Station,owner,,
Saharanpur_Junction_railway_station,owner,,
Clementi_Mall,owner,,
Kathivakkam_railway_station,owner,,
Glen_Innes_Railway_Station,owner,,
Cliffe_railway_station,owner,,
Elphinstone_Road_railway_station,owner,,
Nickelodeon_Resorts_by_Marriott,owner,,
Gare_d'Abbeville,owner,,
Morningside_Railway_Station,owner,,
Chromepet_railway_station,owner,,
Lembah_Subang_LRT_Station,owner,,
Parel_railway_station,owner,,
Friends_Arena,owner,,
Baynards_railway_station,owner,,
Palace_Theatre_(New_York_City),owner,Nederlander_Organization,1965-01-01T00:00:00Z
Boisar_railway_station,owner,,
Edinburgh_Gateway_station,owner,,
RAF_Gatow,owner,,
Glastonbury_and_Street_railway_station,owner,,
Gare_d'Orthez,owner,,
New_Romney_and_Littlestone-on-Sea_railway_station,owner,,
Rybnik_Power_Station,owner,,
Dudgeon_Offshore_Wind_Farm,owner,,
Damai_LRT_Station_(Malaysia),owner,,
Mudd_Club,owner,,
Remuera_Railway_Station,owner,,
Anuppampattu_railway_station,owner,,
Gemini_Wind_Farm,owner,,
Alpha_Ventus_Offshore_Wind_Farm,owner,,
Gare_de_Lourdes,owner,,
Helsinki_Music_Centre,owner,,
Heathrow_Airtrack,owner,,
Nerul_railway_station,owner,,
Nottingham_Arkwright_Street_railway_station,owner,,
Skellingthorpe_railway_station,owner,,
Richmond_Hill_line,owner,,
Guru_Tegh_Bahadur_Nagar_railway_station,owner,,
Taishan_Nuclear_Power_Plant,owner,,
Barcombe_railway_station,owner,,
Kota_Junction_railway_station,owner,,
Hartfield_railway_station,owner,,
Saphale_railway_station,owner,,
Chennai_Egmore_railway_station,owner,,
Bridgeport_station_(TransLink),owner,,
Wolf_Creek_Generating_Station,owner,,
St._Charles_Air_Line,owner,,
Gare_de_Tarbes,owner,,
Clifton-on-Trent_railway_station,owner,,
Park_Theatre_(Manhattan),owner,,
Shugborough_Hall,owner,,
Roswell_Park_Cancer_Institute,owner,,
Vangani_railway_station,owner,,
Australia_Square,owner,,
Myrtle_Beach_Mall,owner,,
Grand_Stade_de_Casablanca,owner,,
Gunfleet_Sands_Offshore_Wind_Farm,owner,,
Daggons_Road_railway_station,owner,,
Olympic_Village_(Montreal),owner,,
Creekmoor_Halt_railway_station,owner,,
Her_Majesty's_Theatre,owner,,
Gare_de_Krimmeri-Meinau,owner,,
Rana_Pratap_Nagar_railway_station,owner,,
Eketahuna_Railway_Station,owner,,
Ningwood_railway_station,owner,,
Gare_d'Hangest,owner,,
USJ21_LRT_Station,owner,,
Gare_de_Poitiers,owner,,
Rowfant_railway_station,owner,,
Princess_Alexandra_Hospital,owner,,
Manassas_Line,owner,,
Lydd_Town_railway_station,owner,,
Gare_de_Woincourt,owner,,
Wetherby_(York_Road)_railway_station,owner,,
Wellow_(Somerset)_railway_station,owner,,
Minjur_railway_station,owner,,
Rogate_railway_station,owner,,
Craiglockhart_railway_station,owner,,
Breamore_railway_station,owner,,
The_Fashion_Centre_at_Pentagon_City,owner,,
London_Array,owner,,
Turbhe_railway_station,owner,,
Thirumalai_Nayakkar_Mahal,owner,,
Pompton_Plains_(Erie_Railroad_station),owner,,
Gare_d'Hargicourt-Pierrepont,owner,,
Gare_d'Avignon-Centre,owner,,
Malad_railway_station,owner,,
Ara_Damansara_LRT_Station,owner,,
Anantnag_railway_station,owner,,
Gare_de_la_Bastille,owner,,
Bonneville_Dam,owner,,
Lakeside_Joondalup_Shopping_City,owner,,
Karolyi_Ranch,owner,,
Freshwater_railway_station,owner,,
Matunga_railway_station,owner,,
Ludington_Pumped_Storage_Power_Plant,owner,,
Chan_Sow_Lin_LRT_Station,owner,,
Borivali_railway_station,owner,,
Renishaw_Central_railway_station,owner,,
Gare_de_Bartenheim,owner,,
Spinkhill_railway_station,owner,,
New_Carrollton_station,owner,,
Villivakkam_railway_station,owner,,
United_Center,owner,,
Sandhurst_Road,owner,,
Taman_Perindustrian_Puchong_LRT_Station,owner,,
Stourpaine_and_Durweston_railway_station,owner,,
Granville_station_(TransLink),owner,,
Dolavli_railway_station,owner,,
Vidyavihar_railway_station,owner,,
Ashcott_railway_station,owner,,
Gare_de_Luchon,owner,,
Lougheed_Town_Centre_station,owner,,
Sharnal_Street_railway_station,owner,,
Ayodhya_Junction_railway_station,owner,,
Walsingham_railway_station,owner,,
Sheepbridge_and_Brimington_railway_station,owner,,
Callicoon_Bridge,owner,,
Wolferton_railway_station,owner,,
Gare_de_Saint-Gaudens,owner,,
Hindaun_City_railway_station,owner,,
Gare_de_Maurois,owner,,
Port_Jervis_Line,owner,,
Delhi_Airport_Metro_Express,owner,,
Desert_Sunlight_Solar_Farm,owner,,
Umroli_railway_station,owner,,
Gare_de_Villers-Bretonneux,owner,,
Oakbrook_Center,owner,,
Ardingly_railway_station,owner,,
Rocky_Mountain_Hydroelectric_Plant,owner,,
Kelve_Road_railway_station,owner,,
Vogtle_Electric_Generating_Plant,owner,,
Mount_Royal_Arena,owner,,
Tinnoset_Station,owner,,
Triton_Knoll,owner,,
Denton_Halt_railway_station,owner,,
Wells_(Tucker_Street)_railway_station,owner,,
Pusat_Bandar_Puchong_LRT_Station,owner,,
City_Football_Academy_(Melbourne),owner,,
Sunnyvale_Railway_Station,owner,,
West_End_Park_(Houston),owner,Houston_Independent_School_District,1928-01-01T00:00:00Z
Westfield_Stratford_City,owner,,
Thane_railway_station,owner,,
Renfrew_station,owner,,
Khopoli_railway_station,owner,,
Vithalwadi_railway_station,owner,,
High_Halstow_Halt_railway_station,owner,,
Fairmount_and_Veblen_Railway,owner,,
Shepton_Mallet_(High_Street)_railway_station,owner,,
Ingestre_Hall,owner,,
Glen_Eden_Railway_Station,owner,,
Buffalo_Stadium,owner,Anheuser-Busch,1953-01-01T00:00:00Z
Baldwin_Avenue_Railway_Station,owner,,
Great_Ponton_railway_station,owner,,
Bank_Rakyat-Bangsar_LRT_Station,owner,,
Arc_de_Triomf_station,owner,,
Wimco_Nagar_railway_station,owner,,
Rochester_Castle,owner,,
Waterfront_station_(Vancouver),owner,,
Midford_railway_station,owner,,
Gorgie_East_railway_station,owner,,
Waterbury_Branch,owner,,
Shelu_railway_station,owner,,
AIA_Central,owner,,
Gare_de_Benfeld,owner,,
Goreway_Power_Station,owner,,
Gare_d'Heilles-Mouchy,owner,,
Slinfold_railway_station,owner,,
Cement_Mills_Halt_railway_station,owner,,
Brookfield_Place_(Toronto),owner,,
Nungambakkam_railway_station,owner,,
Groves_Stadium_(1940),owner,,
Meenambakkam_railway_station,owner,,
LUMINA,owner,,
Ryburgh_railway_station,owner,,
707_17th_Street,owner,,
Halwill_Junction_railway_station,owner,,
Birkenhead_Dock_Branch,owner,,
Blackfriars_station,owner,,
Padstow_(Cornwall)_railway_station,owner,,
Piershill_railway_station,owner,,
Bungay_railway_station,owner,,
Elvaston_Castle,owner,,
Passaic_(Erie_Railroad_station),owner,,
Mulund_railway_station,owner,,
Atgaon_railway_station,owner,,
Gare_de_Lyon-Perrache,owner,,
Tiruvottiyur_railway_station,owner,,
Ditton_railway_station,owner,,
Heacham_railway_station,owner,,
Kattankulathur_railway_station,owner,,
Lowjee_railway_station,owner,,
Odense_station,owner,,
Smart_Studios,owner,,
Dunsland_Cross_railway_station,owner,,
Charlton_Marshall_Halt_railway_station,owner,,
Maple_Leaf_Stadium,owner,,
Hunterston_A_nuclear_power_station,owner,,
ArcelorMittal_Orbit,owner,,
The_Gallery_at_Market_East,owner,,
Evercreech_New_railway_station,owner,,
Conisbrough_Castle,owner,,
Westfield_Broward,owner,,
Mount_Albert_Railway_Station,owner,,
Gare_de_Marseille-en-Beauvaisis,owner,,
Government_House_(Manitoba),owner,,
Sultan_Abu_Bakar_Complex,owner,,
Goregaon_railway_station,owner,,
Puchong_Perdana_LRT_Station,owner,,
Khurja_Junction_railway_station,owner,,
St._Thomas_Mount_railway_station,owner,,
Mall_of_New_Hampshire,owner,,
Grange_Road_railway_station,owner,,
Plough_Lane,owner,,
FirstMerit_Bank_Pavilion,owner,,
RAF_Mepal,owner,,
Shide_railway_station,owner,,
Gare_de_Persan-Beaumont,owner,,
Bhiwandi_railway_station,owner,,
Hat_Yai_Junction_Railway_Station,owner,,
Horsebridge_railway_station,owner,,
Calbourne_&_Shalfleet_railway_station,owner,,
Thialf,owner,,
Sopoti_Stadium,owner,,
St._Lars_restaurant,owner,,
Tiruvallur_railway_station,owner,,
Gibson_Generating_Station,owner,,
Lafayette_Square_Opera_House,owner,,
Allhallows-on-Sea_railway_station,owner,,
SS18_LRT_Station,owner,,
Duane_Arnold_Energy_Center,owner,,
West_Grinstead_railway_station,owner,,
Northeast_Corridor,owner,,
Gare_d'Ailly-sur-Noye,owner,,
Gare_de_Chaulnes,owner,,
St_Martin's_Theatre,owner,,
Breakfast_Television_Centre,owner,,
North_Wootton_railway_station,owner,,
Gare_de_Feuquerolles,owner,,
Vippetangen_Line,owner,,
Papakura_Railway_Station,owner,,
Doddington_and_Harby_railway_station,owner,,
Bordon_railway_station,owner,,
Kingsbury_Oil_Terminal,owner,,
Teesside_power_station,owner,,
Juinagar_railway_station,owner,,
Solana_Generating_Station,owner,,
Old_Oak_Common_railway_station,owner,,
Park_Theatre_(Vancouver),owner,,
Tumby_Woodside_railway_station,owner,,
The_Cavern_Club,owner,,
Karjat_railway_station,owner,,
Jaber_Al-Ahmad_International_Stadium,owner,,
Warrenby_Halt_railway_station,owner,,
Waitakere_Railway_Station,owner,,
Gare_de_Famechon,owner,,
Gare_de_Serqueux,owner,,
Hurstbourne_railway_station,owner,,
Menemen_railway_station,owner,,
Gare_de_Castel,owner,,
Gare_d'Ailly-sur-Somme,owner,,
Country_Club_Plaza,owner,,
Warren_(Erie_Railroad_station),owner,,
Swinton_Central_railway_station,owner,,
Coquitlam_Central_station,owner,,
Chilcompton_railway_station,owner,,
Hailsham_railway_station,owner,,
Dukeries_Junction_railway_station,owner,,
Macarthur_Wind_Farm,owner,,
Gare_de_Longroy-Gamaches,owner,,
Ashby_Magna_railway_station,owner,,
Ivanpah_Solar_Power_Facility,owner,,
Trinity_Railway_Express,owner,,
Rungsted_Kyst_Station,owner,,
Gare_de_Mennessis,owner,,
Quartier_DIX30,owner,,
Bon_Accord_&_St_Nicholas,owner,,
Gorleston-on-Sea_railway_station,owner,,
Gare_de_Curchy-Dreslincourt,owner,,
Mayfield_railway_station,owner,,
Gare_de_Saint-Martin-du-Vivier,owner,,
Badlapur_railway_station,owner,,
Bath_County_Pumped_Storage_Station,owner,,
Parque_Ross,owner,,
Habibganj_railway_station,owner,,
Ellerslie_Railway_Station,owner,,
Edwinstowe_railway_station,owner,,
Smeeth_Road_railway_station,owner,,
Grant_Street_Station,owner,,
RCAF_Station_Grostenquin,owner,,
Sheerness_Generating_Station,owner,,
William_H._Zimmer_Power_Station,owner,,
Gare_de_Mulhouse,owner,,
Ulhasnagar_railway_station,owner,,
Nandiambakkam_railway_station,owner,,
Cowes_railway_station,owner,,
Sevvapet_Road_railway_station,owner,,
Wawasan_LRT_Station,owner,,
Kalwa_railway_station,owner,,
Government_House_(Prince_Edward_Island),owner,,
Sylvia_Park_Railway_Station,owner,,
Sanpada_railway_station,owner,,
Gare_de_Tricot,owner,,
Glenmarie_LRT_Station,owner,,
Taman_Bahagia_LRT_Station,owner,,
Round_Valley_Ensphere,owner,,
Ausserfern_Railway,owner,,
Mumbra_railway_station,owner,,
Gravesend_West_railway_station,owner,,
Aviva_Stadium,owner,,
Earsham_railway_station,owner,,
Gare_d'Eu,owner,,
Gundremmingen_Nuclear_Power_Plant,owner,,
Athletic_Park_(Vancouver),owner,,
KL_Gateway-Universiti_LRT_Station,owner,,
Midsomer_Norton_railway_station,owner,,
Ontario_Legislative_Building,owner,,
Dehradun_railway_station,owner,,
Brasted_railway_station,owner,,
Colross,owner,,
Meridian_Power_Station,owner,,
Vashi_railway_station,owner,,
Parque_Deportivo_Veracruzano,owner,,
Corby_Glen_railway_station,owner,,
Gare_de_Wambaix,owner,,
Kingsland_Railway_Station,owner,,
Khar_Road,owner,,
Bandar_Tasik_Selatan_station,owner,,
Fruitvale_Road_Railway_Station,owner,,
Birmingham_West_Suburban_Railway,owner,,
Tuxford_Central_railway_station,owner,,
Cole_(for_Bruton)_railway_station,owner,,
Santacruz_railway_station,owner,,
Thakurli_railway_station,owner,,
Thoor_Ballylee,owner,,
Nilaje_railway_station,owner,,
Boscombe_railway_station,owner,,
Clarence_Hotel,owner,,
Hubert_H._Humphrey_Metrodome,owner,,
Perambur_railway_station,owner,,
Whittington_High_Level_railway_station,owner,,
Homersfield_railway_station,owner,,
Perungalathur_railway_station,owner,,
Gare_de_Wacquemoulin,owner,,
Edzell_Castle,owner,,
Deepcar_railway_station,owner,,
Kitchener_line,owner,,
Hethersett_railway_station,owner,,
Hazarduari_Palace,owner,,
King's_Road_Chelsea_railway_station,owner,,
Longfield_Halt_railway_station,owner,,
Snettisham_railway_station,owner,,
Hellingly_railway_station,owner,,
Eldon_Square_Shopping_Centre,owner,,
Bhivpuri_Road_railway_station,owner,,
Colwall_Tunnels,owner,,
Aegir_Wave_Farm,owner,,
Exchange_Plaza,owner,,
Wangsa_Maju_LRT_Station,owner,,
Monticello_Steam_Electric_Station,owner,,
Tambaram_Sanatorium_railway_station,owner,,
Binegar_railway_station,owner,,
Greatstone-on-Sea_Halt_railway_station,owner,,
Sportcomplex_Varkenoord,owner,,
Lake_View_(Erie_Railroad_station),owner,,
Essendine_railway_station,owner,,
Edmonds_station_(TransLink),owner,,
Cribbs_Causeway,owner,,
Masjid_railway_station,owner,,
Konkan_Railway,owner,,
Gare_de_Bertry,owner,,
Salvation_Army_Halt_railway_station,owner,,
Brussels-South_railway_station,owner,,
AT&T_Building_(Nashville),owner,,
Leicester_Central_railway_station,owner,,
Oresund_Line,owner,,
Peterborough_East_railway_station,owner,,
Panvel_railway_station,owner,,
Padang_Besar_railway_station,owner,,
Gare_de_Montreuil-sur-Mer,owner,,
Paranur_railway_station,owner,,
Asia_Jaya_LRT_Station,owner,,
Masbury_railway_station,owner,,
Kanjurmarg_railway_station,owner,,
David_Grant_USAF_Medical_Center,owner,,
Chittaurgarh_Junction_railway_station,owner,,
Little_Bytham_railway_station,owner,,
Eleven_Madison_Park,owner,,
San_Onofre_Nuclear_Generating_Station,owner,,
Braid_station,owner,,
Govandi_railway_station,owner,,
Buenavista_Station,owner,,
Grant_Road_railway_station,owner,,
Stutton_railway_station,owner,,
Reay_Road_railway_station,owner,,
CoolSprings_Galleria,owner,,
Koma_Kulshan_Project,owner,,
Taman_Melati_LRT_Station,owner,,
Bhopal_Junction_railway_station,owner,,
Warsop_railway_station,owner,,
Knowle_Halt_railway_station,owner,,
Klamath_Falls_station,owner,,
Hotel_Arts,owner,,
Morristown_Line,owner,,
KLCC_LRT_Station,owner,,
Ennore_railway_station,owner,,
Gare_de_Brest,owner,,
Westfield_San_Francisco_Centre,owner,,
Newick_and_Chailey_railway_station,owner,,
Gangapur_City_railway_station,owner,,
Mambalam_railway_station,owner,,
Kardzhali_Hydroelectric_Power_Station,owner,,
Greenlane_Railway_Station,owner,,
Ashwellthorpe_railway_station,owner,,
Somerset_and_Dorset_Joint_Railway,owner,,
Ambattur_railway_station,owner,,
Navajo_Generating_Station,owner,,
Dunstanburgh_Castle,owner,,
Harlequin_Shopping_Centre,owner,,
Wellington_International_Airport,owner,,
Burnham_Market_railway_station,owner,,
Henderson_Field_(Midway_Atoll),owner,,
Ghatkopar_railway_station,owner,,
InterContinental_Toronto_Centre,owner,,
Wadsley_Bridge_railway_station,owner,,
Fledborough_railway_station,owner,,
Skitube_Alpine_Railway,owner,,
RAAF_Woomera_Airfield,owner,,
Royapuram_railway_station,owner,,
Steyning_railway_station,owner,,
Hunstanton_railway_station,owner,,
Athipattu_railway_station,owner,,
Bonney_Field,owner,,
York_Castle,owner,,
Tambaram_railway_station,owner,,
Evercreech_Junction_railway_station,owner,,
Whittington_Low_Level_railway_station,owner,,
Rabale_railway_station,owner,,
Vaitarna_railway_station,owner,,
Swainsthorpe_railway_station,owner,,
Blossom_Music_Center,owner,,
Les_Halles,owner,,
Salesforce_Tower,owner,,
Fordingbridge_railway_station,owner,,
Wroxall_railway_station,owner,,
Moore_Market_Complex_railway_station,owner,,
Middletown_(Erie_Railroad_station),owner,,
Chevening_Halt_railway_station,owner,,
Wimborne_railway_station,owner,,
Bijbehara_railway_station,owner,,
The_Joint_(music_venue),owner,,
Anna_Nagar_railway_station,owner,,
Henderson_Railway_Station,owner,,
Gare_de_Ham_(Somme),owner,,
Geldeston_railway_station,owner,,
Crumlin_Viaduct,owner,,
Somain-Halluin_Railway,owner,,
Stella_power_stations,owner,,
Gare_de_Fouilloy,owner,,
The_Harmon,owner,,
Palasdari_railway_station,owner,,
Oshiwara_railway_station,owner,,
Oshawa_GO_Station,owner,,
Mongstad_Power_Station,owner,,
Loy_Yang_Power_Station,owner,,
Gare_de_Perpignan,owner,,
Brighton_Beach_Generating_Station,owner,,
Brokdorf_Nuclear_Power_Plant,owner,,
Staveley_Works_railway_station,owner,,
Tuxford_North_railway_station,owner,,
Plant_Daniel,owner,,
Sturminster_Newton_railway_station,owner,,
Governor_Phillip_Tower,owner,,
Pattabiram_railway_station,owner,,
Bason_Bridge_railway_station,owner,,
Lakeshore_West_line,owner,,
Gare_de_La_Faloise,owner,,
Blyth_Power_Station,owner,,
Killamarsh_Central_railway_station,owner,,
Bhuj_railway_station,owner,,
Calke_Abbey,owner,,
Ras_Qartas_Energy_Plant,owner,,
Fateh_Singhpura_railway_station,owner,,
Lehigh_Line_(Conrail),owner,,
Ranui_Railway_Station,owner,,
Bridport_West_Bay_railway_station,owner,,
Ventnor_railway_station,owner,,
Puchong_Prima_LRT_Station,owner,,
Stanhoe_railway_station,owner,,
One_Central,owner,,
Bhandup_railway_station,owner,,
Nottingham_Victoria_railway_station,owner,,
Uralite_Halt_railway_station,owner,,
Hatfield_Aerodrome,owner,,
Fremantle_railway_line,owner,,
Corfe_Mullen_Halt_railway_station,owner,,
Arnhem_Centraal_railway_station,owner,,
Esbjerg_Station,owner,,
CBD_Belapur_railway_station,owner,,
Whitstone_and_Bridgerule_railway_station,owner,,
Etal_Castle,owner,,
Churchgate_railway_station,owner,,
Jogeshwari_railway_station,owner,,
Watchingwell_Halt_railway_station,owner,,
Sri_Petaling_LRT_Station,owner,,
Bhayandar_railway_station,owner,,
Folkestone_Warren_Halt_railway_station,owner,,
Government_House_(Saskatchewan),owner,,
Lynemouth_power_station,owner,,
Henfield_railway_station,owner,,
Otley_and_Ilkley_Joint_Railway,owner,,
Verona_(Erie_Railroad_station),owner,,
Titwala_railway_station,owner,,
Goshainganj_railway_station,owner,,
Gare_de_Namps-Quevauvillers,owner,,
Benson_Street_(NJT_station),owner,,
Bhagat_Ki_Kothi_railway_station,owner,,
Orakei_Railway_Station,owner,,
Budgam_railway_station,owner,,
Corridor_(Via_Rail),owner,,
Halley_Research_Station,owner,,
Chembur_railway_station,owner,,
Stoughton_Line,owner,,
Chennai_Park_railway_station,owner,,
Chard_Branch_Line,owner,,
Blackwater_(Isle_of_Wight)_railway_station,owner,,
Newchurch_(Isle_of_Wight)_railway_station,owner,,
Beacon_Line,owner,,
DanTysk,owner,,
Termosolar_Borges,owner,,
Tribeca_Grill,owner,,
Gare_de_Formerie,owner,,
La_Grange_Road_station,owner,,
Mahim_railway_station,owner,,
Government_House_(Nova_Scotia),owner,,
AJ_Bell_Stadium,owner,,
Khurai_railway_station,owner,,
Ellingham_railway_station,owner,,
Takanini_Railway_Station,owner,,
Alam_Sutera_LRT_Station,owner,,
Gare_de_Saint-Louis,owner,,
Chunabhatti_railway_station,owner,,
Ditchingham_railway_station,owner,,
Coningsby_railway_station,owner,,
River_Street_(Erie_Railroad_station),owner,,
Hindu_College_railway_station,owner,,
Kingsley_Halt_railway_station,owner,,
B&W_Hallerne,owner,,
Ponneri_railway_station,owner,,
Brampton_GO_Station,owner,,
Hoosier_Wind_Farm,owner,,
Camp_Sharpe,owner,,
Gare_Montparnasse,owner,,
Boston_Road_Railway_Station,owner,,
Horns_Rev,owner,,
Osborne_Power_Station,owner,,
Portlands_Energy_Centre,owner,,
Bandar_Puteri_LRT_Station,owner,,
Spetisbury_railway_station,owner,,
Moses-Saunders_Power_Dam,owner,,
Empire_Theatre_(41st_Street),owner,,
HarborCenter,owner,,
Dahisar_railway_station,owner,,
Al_Quatrana_Power_Plant,owner,,
Hendon_Aerodrome,owner,,
Gare_de_Sierentz,owner,,
Singleton_(West_Sussex)_railway_station,owner,,
Limehouse_station,owner,,
Midway_station_(Minnesota),owner,,
Korattur_railway_station,owner,,
Gare_de_Biarritz,owner,,
Vadala_Road_railway_station,owner,,
Diva_Junction_railway_station,owner,,
Duddingston_&_Craigmillar_railway_station,owner,,
RAF_Ventnor,owner,,
Avondale_Railway_Station,owner,,
Athipattu_Pudhunagar_railway_station,owner,,
Gare_de_Bordeaux-Saint-Jean,owner,,
Skirlaugh_railway_station,owner,,
Gare_de_Marcelcave,owner,,
Stalbridge_railway_station,owner,,
Cardinal_Glennon_Children's_Hospital,owner,,
Rotherfield_and_Mark_Cross_railway_station,owner,,
Juchandra_railway_station,owner,,
Maraimalai_Nagar_railway_station,owner,,
Harleston_railway_station,owner,,
Kanti_Thermal_Power_Station,owner,,
Sampur_Power_Station,owner,,
Barclays_Center,owner,,
Vyasarpadi_Jeeva_railway_station,owner,,
Gare_de_Quesnoy-le-Montant,owner,,
Gare_de_Caudry,owner,,
Scotiabank_Theatre_Toronto,owner,,
King's_Circle_railway_station,owner,,
Naigaon_railway_station,owner,,
Wadi_Junction_railway_station,owner,,
Great_Northern_Tunnel,owner,,
Vapi_railway_station,owner,,
Walthamstow_Central_station,owner,,
Victoria_Centre,owner,,
Westfield_Carindale,owner,,
Mankhurd_railway_station,owner,,
Tilak_Nagar_railway_station,owner,,
Penrose_Railway_Station,owner,,
Pallavaram_railway_station,owner,,
Manoir_de_Ban,owner,,
Ventnor_West_railway_station,owner,,
Faizabad_Junction_railway_station,owner,,
North_Jersey_Coast_Line,owner,,
Belton_and_Burgh_railway_station,owner,,
Finch_Bus_Terminal,owner,,
Tilbury_power_stations,owner,,
Elsted_railway_station,owner,,
Tiruchirapalli_Rock_Fort,owner,,
Nickey_Line,owner,,
Smeeth_railway_station,owner,,
Nizamat_Imambara,owner,,
Chinchpokli_railway_station,owner,,
Virar_railway_station,owner,,
Whitlingham_railway_station,owner,,
USJ7_LRT_Station,owner,,
Gare_de_Poix-de-Picardie,owner,,
Palmeiras-Barra_Funda_Intermodal_Terminal,owner,,
Avadi_railway_station,owner,,
Gare_d'Abancourt,owner,,
RAF_Gaydon,owner,,
Royal_Oak_station_(TransLink),owner,,
Ingula_Pumped_Storage_Scheme,owner,,
Grafton_Railway_Station,owner,,
Shibuya-AX,owner,,
Fallowfield_Loop_Line,owner,,
Passaic_Park_(Erie_Railroad_station),owner,,
Awantipora_railway_station,owner,,
Gombak_LRT_Station,owner,,
The_Shops_at_Mission_Viejo,owner,,
Rupert_station,owner,,
Performing_Garage,owner,,
Sadura_railway_station,owner,,
Dang_Wangi_LRT_Station,owner,,
Chesham_branch,owner,,
Peach_Bottom_Nuclear_Generating_Station,owner,,
Nellayi_railway_station,owner,,
Punkunnam_railway_station,owner,,
Chennai_Beach_railway_station,owner,,
Carville_power_stations,owner,,
Lydd-on-Sea_Halt_railway_station,owner,,
McCormick_Dam,owner,,
Easington_Gas_Terminal,owner,,
Abdullah_Hukum_LRT_Station,owner,,
Washermanpet_railway_station,owner,,
Soldiers'_National_Monument,owner,,
Dombivli_railway_station,owner,,
Heineken_Music_Hall,owner,,
Blaiken_wind_farm,owner,,
Celtic_Array,owner,,
Columbia_station,owner,,
Petworth_railway_station,owner,,
Genting_Sempah_Tunnel,owner,,
The_New_York_Times_Building,owner,,
Norwich_Victoria_railway_station,owner,,
Ollerton_railway_station,owner,,
Gare_de_Morgny,owner,,
Kopar_railway_station,owner,,
Portside_Tower,owner,,
Newington_(Edinburgh)_railway_station,owner,,
Marine_Lines_railway_station,owner,,
Metrotown_station,owner,,
Dunston_Power_Station,owner,,
Midhurst_railway_station,owner,,
Pylle_railway_station,owner,,
Wadebridge_railway_station,owner,,
Liberty_Place,owner,,
Taipan_LRT_Station,owner,,
New_Lynn_Railway_Station,owner,,
Patterson_station,owner,,
Gare_d'Eu-la_Mouillette,owner,,
Shapwick_railway_station,owner,,
Selham_railway_station,owner,,
John_W._Turk_Jr._Coal_Plant,owner,,
Abingdon_(plantation),owner,,
Abdurrahman_Roza_Haxhiu_Stadium,owner,,
Blyth_Offshore_Wind_Farm,owner,,
Lake_City_Way_station,owner,,
Melton_Constable_railway_station,owner,,
Muzaffarnagar_railway_station,owner,,
Tongham_railway_station,owner,,
Washington_Marriott_Marquis,owner,,
Hingol_Dam,owner,,
Schaffhausen_railway_station,owner,,
Gare_de_Libourne,owner,,
Kuala_Lumpur_Sentral_railway_station,owner,,
Rudgwick_railway_station,owner,,
Cranleigh_railway_station,owner,,
Kingfisher_Shopping_Centre,owner,,
Oughty_Bridge_railway_station,owner,,
Tadcaster_railway_station,owner,,
Castle_Peak_Power_Station,owner,,
Gare_de_Blangy-sur-Bresle,owner,,
Menora_Tunnel,owner,,
Valsad_railway_station,owner,,
Beighton_railway_station,owner,,
Springfield_Mall_(Pennsylvania),owner,,
Gare_de_Grandvilliers,owner,,
Kinrara_BK5_LRT_Station,owner,,
Mill_Hill_(Isle_of_Wight)_railway_station,owner,,
Palo_Verde_Nuclear_Generating_Station,owner,,
MetLife_Stadium,owner,,
The_Outer_Banks_Hospital,owner,,
Dersingham_railway_station,owner,,
Hinkley_Point_A_nuclear_power_station,owner,,
Maple_Leaf_Gardens,owner,,
Breteuil-Embranchement_station,owner,,
T&P_Station,owner,,
East_London_Line,owner,,
Burrard_station,owner,,
Withyham_railway_station,owner,,
Fenway_Park,owner,,
Susquehanna_(Erie_Railroad_station),owner,,
Gare_d'Aurillac,owner,,
Burnham-on-Sea_railway_station,owner,,
RAF_Kilchiaran,owner,,
FSG-1_Antiaircraft_Defense_System,owner,,
Asangaon_railway_station,owner,,
DFW_Airport_(TRE_station),owner,,
Nagda_Junction_railway_station,owner,,
Sandy_Lane_(resort),owner,,
East_Anglia_Array,owner,,
Shahad_railway_station,owner,,
22nd_Street_station_(TransLink),owner,,
Amman_East_Power_Plant,owner,,
Gare_de_Jussy,owner,,
Durgapura_railway_station,owner,,
Jeddah_Tower,owner,,
Salem_Nuclear_Power_Plant,owner,,
West_Pennard_railway_station,owner,,
Stoke_Junction_Halt_railway_station,owner,,
Korukkupet_railway_station,owner,,
Fittleworth_railway_station,owner,,
Baseball_Ground,owner,,
Pazhavanthangal_railway_station,owner,,
Gare_de_Dinan,owner,,
Polsham_railway_station,owner,,
Bell_(TRE_station),owner,,
Harriman_(Erie_Railroad_station),owner,,
Tirusulam_railway_station,owner,,
West_Hoathly_railway_station,owner,,
Medina_Wharf_Halt_railway_station,owner,,
Royal_Festival_Hall,owner,,
555_California_Street,owner,,
Cocking_railway_station,owner,,
Van_Buren_Street_Tunnel,owner,,
Hoboken_Terminal,owner,,
Sedgebrook_railway_station,owner,,
Tondiarpet_railway_station,owner,,
The_Colosseum_at_Caesars_Palace,owner,,
Lower_Parel_railway_station,owner,,
Mo_i_Rana_Station,owner,,
Hotel_Football,owner,,
Gare_de_Carcassonne,owner,,
Emneth_railway_station,owner,,
St._Vincent's_Medical_Center_(Bridgeport),owner,,
Hoover_Field,owner,,
Bergen_County_Line,owner,,
Khardi_railway_station,owner,,
Drax_power_station,owner,,
Newark_Light_Rail,owner,,
Gare_d'Aumale,owner,,
Mortlake_Crematorium,owner,,
Gare_de_Longuerue-Vieux-Manoir,owner,,
Gare_de_Bourges,owner,,
St_Lawrence_(Isle_of_Wight)_railway_station,owner,,
Gare_de_Moreuil,owner,,
Gare_de_Montdidier,owner,,
Gare_d'Hermes-Berthecourt,owner,,
Raritan_Valley_Line,owner,,
Vangaon_railway_station,owner,,
Mishor_Rotem_Power_Station,owner,,
Broadway_Centrum,owner,,
Ponce_Plaza_Hotel_&_Casino,owner,,
Harlem_Line,owner,,
Shore_Line_East,owner,,
Kansai_Main_Line,owner,,
Gare_de_Sommery,owner,,
Hume_Castle,owner,,
Lalru_railway_station,owner,,
Gare_de_Chambly,owner,,
Vasai_Road_railway_station,owner,,
Forncett_railway_station,owner,,
Maritsa_Iztok_Complex,owner,,
Smallford_railway_station,owner,,
Gare_de_Gannes,owner,,
Sex_(boutique),owner,,
Byculla_railway_station,owner,,
Ismail_Xhemali_Stadium,owner,,
Royal_Aircraft_Establishment,owner,,
Scarborough_Town_Centre,owner,,
Pasar_Seni_LRT_Station,owner,,
Buxton_Lamas_railway_station,owner,,
Chesterfield_Central_railway_station,owner,,
Powerstock_railway_station,owner,,
30_Rockefeller_Plaza,owner,,
Lehigh_Valley_Mall,owner,,
Lumpinee_Boxing_Stadium,owner,,
Acharya_Narendra_Dev_Nagar_railway_station,owner,,
Staveley_Central_railway_station,owner,,
Battersea_Power_Station,owner,,
Navi_Mumbai_International_Airport,owner,,
Nemilichery_railway_station,owner,,
World_Trade_Center_of_Grenoble,owner,,
Qazigund_railway_station,owner,,
King_George_station,owner,,
Bramber_railway_station,owner,,
Kings_Theatre_(Brooklyn),owner,,
Gare_de_Pau,owner,,
Whetstone_railway_station,owner,,
Matunga_Road,owner,,
Godshill_railway_station,owner,,
Milanello,owner,,
Airoli_railway_station,owner,,
Annanur_railway_station,owner,,
Brussels_Central_Station,owner,,
Citadelle_of_Quebec,owner,,
Johan_Setia_LRT_Station,owner,,
Broadstone_(Dorset)_railway_station,owner,,
Gare_de_Flavy-le-Martel,owner,,
Homai_Railway_Station,owner,,
Pulham_St_Mary_railway_station,owner,,
Gare_de_Nesle_(Somme),owner,,
River_City_Shopping_Complex,owner,,
Washington_station_(Missouri),owner,,
Wohlen_railway_station,owner,,
Gare_de_Bayonne,owner,,
St_John's_railway_station,owner,,
Siri_Fort_Auditorium,owner,,
Scarcliffe_railway_station,owner,,
Tenafly_(Erie_Railroad_station),owner,,
Navade_Road_railway_station,owner,,
Southwater_railway_station,owner,,
Saugus_Branch_Railroad,owner,,
Monmouth_Mall,owner,,
Sodium_Reactor_Experiment,owner,,
Attarat_Power_Plant,owner,,
Merstone_railway_station,owner,,
Downton_railway_station,owner,,
West_of_Duddon_Sands_Wind_Farm,owner,,
Beatrice_Wind_Farm,owner,,
Presidential_Administration_Building_(Kiev),owner,,
Guindy_railway_station,owner,,
Henstridge_railway_station,owner,,
Kharghar_railway_station,owner,,
Mansarovar_railway_station,owner,,
Gare_de_Picquigny,owner,,
Gateway_station_(TransLink),owner,,
Hengoed_Viaduct,owner,,
Jacques_Seligmann_&_Company,owner,,
Brentwood_Town_Centre_station,owner,,
21_Club,owner,,
Swargate_Bus_Station,owner,,
North_Elmham_railway_station,owner,,
Ambivli_railway_station,owner,,
Club_33,owner,,
Arakkonam_Junction_railway_station,owner,,
Langston_railway_station,owner,,
Yards_Creek_Generating_Station,owner,,
Granada_Studios,owner,,
Burston_railway_station,owner,,
St_Olaves_railway_station,owner,,
North_Auckland_Line,owner,,
Kharbao_railway_station,owner,,
Angamaly_railway_station,owner,,
Manchester_Arndale,owner,,
Westfield_Liverpool,owner,,
Ringwood_railway_station,owner,,
Meadowhall_Centre,owner,,
Puttlur_railway_station,owner,,
Belgrave_and_Birstall_railway_station,owner,,
Edington_railway_station,owner,,
Kasara_railway_station,owner,,
Pattaravakkam_railway_station,owner,,
Cotton_Green_railway_station,owner,,
The_Oaks_Mall,owner,,
Vasind_railway_station,owner,,
Rampal_Power_Station_(Proposed),owner,,
Gladstone_Branch,owner,,
Chemult_station,owner,,
Gare_de_Mouy-Bury,owner,,
Gare_du_Cateau,owner,,
Manukau_Branch,owner,,
Potheri_railway_station,owner,,
Subang_Alam_LRT_Station,owner,,
Radstock_North_railway_station,owner,,
West_Arlington_(Erie_Railroad_station),owner,,
Beluncle_Halt_railway_station,owner,,
Ambarnath_railway_station,owner,,
Adelphi_Theatre,owner,,
